scope,city,province,rate,freeAbove,excluded,active
city,A.B.S.Hospital TSO,,0,,yes,yes
city,A.I Town NPO (Cpol -1199),,0,,yes,yes
city,AFMSD Nowshera PO,,0,,yes,yes
city,ASC Sentre Nowshera PO,,0,,yes,yes
city,Abbot Road TSO,,0,,yes,yes
city,Abbottabad Cantt. PO,,0,,yes,yes
city,Abbottabad Kutchery PO,,0,,yes,yes
city,Abbottabad NPO,,0,,yes,yes
city,Abid Shaheed Rd. TSO,,0,,yes,yes
city,Adda Chabeel PO,,0,,yes,yes
city,Agha Qadirdad Market PO,,0,,yes,yes
city,Aghburg PO,,0,,yes,yes
city,Agriculture House PO,,0,,yes,yes
city,Agriculture University Faisalabad,,0,,yes,yes
city,Ahsan Abad Post Office PO,,0,,yes,yes
city,"Air Port Chaklala, Rawalpindi PO",,0,,yes,yes
city,Akhtar Colony PO,,0,,yes,yes
city,Alamabad PO,,0,,yes,yes
city,Allama Iqbal Colony PO,,0,,yes,yes
city,Allama Iqbal Road PO,,0,,yes,yes
city,Almo Chowk PO,,0,,yes,yes
city,Amar Pura PO,,0,,yes,yes
city,Amc Abbottabad PO,,0,,yes,yes
city,Amer Sidhu PO,,0,,yes,yes
city,Amina Abad TSO,,0,,yes,yes
city,Army Air Defence Centre PO,,0,,yes,yes
city,Arsenal PO,,0,,yes,yes
city,Artilery School Nowshera PO,,0,,yes,yes
city,Attock Cantt PO,,0,,yes,yes
city,Attock City PO,,0,,yes,yes
city,Attock NPO,,0,,yes,yes
city,Ayub Agri Reasearch Institute PO,,0,,yes,yes
city,Azam Basti PO,,0,,yes,yes
city,Azam PO,,0,,yes,yes
city,B.I.S.E Sukkur PO,,0,,yes,yes
city,B.L Hotel Karachi NPO,,0,,yes,yes
city,B.L Hotel Karachi PO,,0,,yes,yes
city,Babarloi PO,,0,,yes,yes
city,Badami Bagh PO,,0,,yes,yes
city,Bagarji PO,,0,,yes,yes
city,Baghbanpura NPO,,0,,yes,yes
city,Baghdada PO,,0,,yes,yes
city,Bahadurabad NPO,,0,,yes,yes
city,Bahadurabad PO LSG,,0,,yes,yes
city,Bahawal Nagar Cantt PO,,0,,yes,yes
city,Bahawal Nagar City PO,,0,,yes,yes
city,Bahawal Nagar NPO,,0,,yes,yes
city,Bahawalpur NPO,,0,,yes,yes
city,Bakra Mandi PO,,0,,yes,yes
city,Baldia Block-9 PO,,0,,yes,yes
city,Balochistan University NPO,,0,,yes,yes
city,Balochistan University PO,,0,,yes,yes
city,Bannu Chowk NPO,,0,,yes,yes
city,Bannu Chowk SO,,0,,yes,yes
city,Bannu City NPO,,0,,yes,yes
city,Bannu NPO,,0,,yes,yes
city,Batala Colony SO,,0,,yes,yes
city,Bath Island NPO,,0,,yes,yes
city,Bath Island PO,,0,,yes,yes
city,Behar Colony PO,,0,,yes,yes
city,Behzadi Chikar Kot PO,,0,,yes,yes
city,Bhakkar City PO,,0,,yes,yes
city,Bhakkar Mandi PO,,0,,yes,yes
city,Bhalwal NPO,,0,,yes,yes
city,Bhawalpur Cantt NPO,,0,,yes,yes
city,Bhawalpur City PO,,0,,yes,yes
city,Bhawalpur Kutchery PO,,0,,yes,yes
city,Bickami PO,,0,,yes,yes
city,Bilal Gunj PO,,0,,yes,yes
city,Bilal Town SO,,0,,yes,yes
city,Bise Complex Abbotabad PO,,0,,yes,yes
city,Bise Sahiwal PO,,0,,yes,yes
city,Board Of Intermediate Edu(KP1530),,0,,yes,yes
city,Brc Abbottabad PO,,0,,yes,yes
city,Brewery Road PO,,0,,yes,yes
city,Burewala NPO,,0,,yes,yes
city,C. Depalpur Okara PO,,0,,yes,yes
city,CMA PO,,0,,yes,yes
city,CMA Rawalpindi PO,,0,,yes,yes
city,CSD Karachi Saddar PO,,0,,yes,yes
city,Canal Colony R.Y.Khan PO,,0,,yes,yes
city,Cantt. HPO NPO,,0,,yes,yes
city,Cg Office PO,,0,,yes,yes
city,Chah Miran NPO,,0,,yes,yes
city,Chaklala Cantt PO,,0,,yes,yes
city,Chaklala Scheme-Iii PO,,0,,yes,yes
city,Chakwal City PO,,0,,yes,yes
city,Chakwal NPO,,0,,yes,yes
city,Chaman NPO,,0,,yes,yes
city,Chansair SO,,0,,yes,yes
city,Charsadda NPO,,0,,yes,yes
city,Chashma Barrage Colony NPO,,0,,yes,yes
city,Chenab Nagar NPO,,0,,yes,yes
city,Chibban SO,,0,,yes,yes
city,Chiltan Market NPO,,0,,yes,yes
city,Chiltan Market PO,,0,,yes,yes
city,Chiniot Kutchery PO,,0,,yes,yes
city,Chiniot NPO,,0,,yes,yes
city,Chishtian NPO,,0,,yes,yes
city,Chowk Ichhra(Cpol-825),,0,,yes,yes
city,Chowk Makki Masjid PO,,0,,yes,yes
city,Chowk Qurtaba PO,,0,,yes,yes
city,Chuburgi Garden Estate PO,,0,,yes,yes
city,Chunian Cantt SO,,0,,yes,yes
city,Chur Harhpal PO,,0,,yes,yes
city,Civic Centre PO,,0,,yes,yes
city,Clifton HPO,,0,,yes,yes
city,Clifton NPO,,0,,yes,yes
city,Cloth Market NPO,,0,,yes,yes
city,Cloth Market TSO,,0,,yes,yes
city,Cmp Centre SO,,0,,yes,yes
city,College Road PO (Gujranwala),,0,,yes,yes
city,College Road PO (Rawalpindi),,0,,yes,yes
city,Colony Amanat Ali R.Y.Khan PO,,0,,yes,yes
city,Colony Flour Mills SO,,0,,yes,yes
city,Comessioner Office PO,,0,,yes,yes
city,Commissionery TSO,,0,,yes,yes
city,Cttm Bhakkar PO,,0,,yes,yes
city,D.H.A.PO (KP-2146) PO,,0,,yes,yes
city,D.I.Khan City NPO,,0,,yes,yes
city,D.I.Khan City SO,,0,,yes,yes
city,D.I.Khan GPO NPO,,0,,yes,yes
city,D.S.G Centre SO,,0,,yes,yes
city,D.S.Pak: Railway TSO,,0,,yes,yes
city,DHQ Hospital SO,,0,,yes,yes
city,DSPS South Divn Lahore PO,,0,,yes,yes
city,Dab Bazar SO,,0,,yes,yes
city,Dadu Katuchary TSO,,0,,yes,yes
city,Dadu NPO,,0,,yes,yes
city,Daga Nursary PO,,0,,yes,yes
city,Darmalak PO,,0,,yes,yes
city,Daroghawala PO,,0,,yes,yes
city,Data Gunj Buksh PO,,0,,yes,yes
city,Data Nagar PO,,0,,yes,yes
city,Defence Market NPO (KP-2118) PO,,0,,yes,yes
city,Defence Market PO (KP-2025) PO,,0,,yes,yes
city,Defence NPO (KP-1847) PO,,0,,yes,yes
city,Defence Phase-Vi PO,,0,,yes,yes
city,Dehli Colony PO,,0,,yes,yes
city,Dera Allah Yar NPO,,0,,yes,yes
city,Dera Ghazi Khan City PO,,0,,yes,yes
city,Dera Ghazi Khan NPO,,0,,yes,yes
city,Dera Murad Jamali NPO,,0,,yes,yes
city,Dera Town Ship SO,,0,,yes,yes
city,Dharampura PO,,0,,yes,yes
city,Dheri Hassan Abad PO,,0,,yes,yes
city,Dhoke Chaudrian PO,,0,,yes,yes
city,Dhoke Gujran PO,,0,,yes,yes
city,Dholanwal PO,,0,,yes,yes
city,Dina NPO,,0,,yes,yes
city,"Directorate General NPO, Islamabad",,0,,yes,yes
city,"Directorate General PO, Islamabad,",,0,,yes,yes
city,District Comp Box Okara PO,,0,,yes,yes
city,District Court Karak SO,,0,,yes,yes
city,District Court T.T Singh SO.,,0,,yes,yes
city,Distt: Courts SO,,0,,yes,yes
city,Drigh Colony NPO,,0,,yes,yes
city,Driving Licence Br PO (KP-2209),,0,,yes,yes
city,Driving Licence PO,,0,,yes,yes
city,Dubb PO,,0,,yes,yes
city,Dumba Goth PO,,0,,yes,yes
city,EME Centre PO,,0,,yes,yes
city,EME Colege PO,,0,,yes,yes
city,Eastern Half Okara Cantt PO,,0,,yes,yes
city,Eidgah NPO,,0,,yes,yes
city,Eidgah PO,,0,,yes,yes
city,Ep Center Committee Chowk,,0,,yes,yes
city,Ep Centre Sadar Bazar NPO,,0,,yes,yes
city,Ep Centre TSO Rohtas Road,,0,,yes,yes
city,Epc Adjacent Pmg N/S Hyd,,0,,yes,yes
city,Epc Tank Adda SO,,0,,yes,yes
city,Express Post Center Bannu Cantt.,,0,,yes,yes
city,"F-Block, Satellite PO",,0,,yes,yes
city,"F. B Area Blaock-13, PO",,0,,yes,yes
city,F. B Area Block-13 NPO,,0,,yes,yes
city,F. B Area NPO,,0,,yes,yes
city,F.F.Daharki PO,,0,,yes,yes
city,Faisal Town PO,,0,,yes,yes
city,Faisalabad City NPO SO,,0,,yes,yes
city,Faisalabad City SO,,0,,yes,yes
city,Faisalabad Kutchery PO,,0,,yes,yes
city,Faisalabad NPO,,0,,yes,yes
city,Faiz Bagh PO,,0,,yes,yes
city,Faizabad PO,,0,,yes,yes
city,Farid Town PO,,0,,yes,yes
city,Farooq Ganj PO,,0,,yes,yes
city,Fateh Abad PO,,0,,yes,yes
city,Fatto Mand PO,,0,,yes,yes
city,Fazal Fruit Market PO,,0,,yes,yes
city,Fazal Nagar PO,,0,,yes,yes
city,Fca PO,,0,,yes,yes
city,Ferozpur Road PO,,0,,yes,yes
city,Firdous Colony NPO,,0,,yes,yes
city,Firdous Colony PO,,0,,yes,yes
city,Fish Harbor PO,,0,,yes,yes
city,Flatties Hotel PO,,0,,yes,yes
city,Fort Area TSO,,0,,yes,yes
city,Fort Iqbal Garh SO,,0,,yes,yes
city,Fortress Stadium PO,,0,,yes,yes
city,Frontier Colony (KP-980),,0,,yes,yes
city,Future Colony PO,,0,,yes,yes
city,Garjakh PO,,0,,yes,yes
city,"Gawal Mandi, Rawalpindi PO",,0,,yes,yes
city,Gawalmandi PO,,0,,yes,yes
city,Gharib Abad PO,,0,,yes,yes
city,Gharibabad TSO,,0,,yes,yes
city,Ghaziabad PO,,0,,yes,yes
city,Ghotki NPO,,0,,yes,yes
city,Ghulam Muhammad Abad NPO,,0,,yes,yes
city,Gilgit Airport SO,,0,,yes,yes
city,Gilgit GPO NPO,,0,,yes,yes
city,"Gilgit, Chief Court PO",,0,,yes,yes
city,Godhra PO,,0,,yes,yes
city,Gojra City PO,,0,,yes,yes
city,Gojra GPO NPO,,0,,yes,yes
city,Gor Estate PO,,0,,yes,yes
city,Grain Market PO,,0,,yes,yes
city,Grain Market SO,,0,,yes,yes
city,Gujar Khan NPO,,0,,yes,yes
city,Gujranwala GPO NPO,,0,,yes,yes
city,Gujranwala Kutchery PO,,0,,yes,yes
city,Gujrat City NPO,,0,,yes,yes
city,Gujrat City TSO,,0,,yes,yes
city,Gujrat GPO NPO,,0,,yes,yes
city,Gujrat R.S. PO,,0,,yes,yes
city,Gulab Devi Hospital PO,,0,,yes,yes
city,Gulberg Colony NPO,,0,,yes,yes
city,Gulberg N. PO (Cpol-1318),,0,,yes,yes
city,Gulberg PO,,0,,yes,yes
city,Gulfishan Colony SO,,0,,yes,yes
city,"Gulistan-E-Jauhar Block-18, PO",,0,,yes,yes
city,Gulshan-E-Hadeed PO,,0,,yes,yes
city,"Gulshan-E-Iqbal Block-01, PO",,0,,yes,yes
city,"Gulshan-E-Iqbal Block-03, NPO",,0,,yes,yes
city,"Gulshan-E-Iqbal Block-03, PO",,0,,yes,yes
city,"Gulshan-E-Iqbal Block-05, NPO",,0,,yes,yes
city,Gulshan-E-Maymar PO,,0,,yes,yes
city,Gulshan-E-Saeed (KP-1816),,0,,yes,yes
city,Gunj Moghal Pura PO,,0,,yes,yes
city,H.M. Pole NPO,,0,,yes,yes
city,Habib Abad PO,,0,,yes,yes
city,Hafizabad (KP-852) PO,,0,,yes,yes
city,Hali Road TSO,,0,,yes,yes
city,Hamdard NPO,,0,,yes,yes
city,Hamdard PO,,0,,yes,yes
city,Haripur City PO,,0,,yes,yes
city,Haripur NPO,,0,,yes,yes
city,Hayat Sir Road PO,,0,,yes,yes
city,Hazara Town PO,,0,,yes,yes
city,High Court PO,,0,,yes,yes
city,High Court Sukkur PO,,0,,yes,yes
city,Hoti PO,,0,,yes,yes
city,Hudda PO,,0,,yes,yes
city,Hussaind Pura SO,,0,,yes,yes
city,Hyderabad Market NPO,,0,,yes,yes
city,Hyderabad Market TSO,,0,,yes,yes
city,Hyderabad NPO,,0,,yes,yes
city,Hyderabad R.S. TSO,,0,,yes,yes
city,Ibrahim Hyderi PO,,0,,yes,yes
city,Ichhra PO,,0,,yes,yes
city,Industrial Area Hub PO,,0,,yes,yes
city,Industrial Trading Estaes NPO,,0,,yes,yes
city,Internatinal Islamic University PO,,0,,yes,yes
city,Iqbal Colony SO,,0,,yes,yes
city,Iron Market SO,,0,,yes,yes
city,Islamabad GPO NPO,,0,,yes,yes
city,"Islamabad, Cabinet Block SO",,0,,yes,yes
city,"Islamabad, E-8 (Navel H.Q.) SO",,0,,yes,yes
city,"Islamabad, E-9 (Air H.Q.) SO",,0,,yes,yes
city,"Islamabad, F-10 Markaz NPO",,0,,yes,yes
city,"Islamabad, F-10 Markaz SO",,0,,yes,yes
city,"Islamabad, F-6/1 Markaz SO",,0,,yes,yes
city,"Islamabad, F-7/4 SO",,0,,yes,yes
city,"Islamabad, F-8/M NPO SO",,0,,yes,yes
city,"Islamabad, Fpsc SO",,0,,yes,yes
city,"Islamabad, G-6/1 SO",,0,,yes,yes
city,"Islamabad, G-7 Markaz NPO",,0,,yes,yes
city,"Islamabad, G-7 Markaz SO",,0,,yes,yes
city,"Islamabad, G-8/3 (Pims) SO",,0,,yes,yes
city,"Islamabad, G-9/4 SO",,0,,yes,yes
city,"Islamabad, G-9/Markaz NPO",,0,,yes,yes
city,"Islamabad, I-10/4 Ponpo",,0,,yes,yes
city,"Islamabad, I-9 Market SO",,0,,yes,yes
city,"Islamabad, I-9/4 SO",,0,,yes,yes
city,"Islamabad, Pakistan Engineering Council. SO",,0,,yes,yes
city,"Islamabad, Prime Minister Secretariat NPO",,0,,yes,yes
city,"Islamabad, Shah Allah Ditta SO",,0,,yes,yes
city,"Islamabad,S. Block SO",,0,,yes,yes
city,Islamia College SO,,0,,yes,yes
city,Islamia University TSO,,0,,yes,yes
city,Islamic Centre NPO,,0,,yes,yes
city,Islamic Centre PO,,0,,yes,yes
city,Islampura PO,,0,,yes,yes
city,Islampura SO,,0,,yes,yes
city,Istaqlalabad SO,,0,,yes,yes
city,Ittehad Town PO,,0,,yes,yes
city,Jaboka PO,,0,,yes,yes
city,Jacobabad NPO,,0,,yes,yes
city,Jada SO,,0,,yes,yes
city,Jafferabad TSO,,0,,yes,yes
city,Jahangir Town PO,,0,,yes,yes
city,Jamia Ashrafia PO,,0,,yes,yes
city,Jamia Masjid PO,,0,,yes,yes
city,Jamia Masjid TSO,,0,,yes,yes
city,Jampur NPO,,0,,yes,yes
city,Jangle Khel PO,,0,,yes,yes
city,Jaranwala NPO,,0,,yes,yes
city,Jauharabad NPO,,0,,yes,yes
city,Jehangir Road PO,,0,,yes,yes
city,Jhanda Chichi PO,,0,,yes,yes
city,Jhelum Cantt SO,,0,,yes,yes
city,Jhelum City NPO,,0,,yes,yes
city,Jhelum City SO,,0,,yes,yes
city,Jhelum GPO NPO,,0,,yes,yes
city,Jinnah Colony NPO,,0,,yes,yes
city,Jinnah Colony PO,,0,,yes,yes
city,Jinnah Islamia College PO,,0,,yes,yes
city,"Jinnah Termianl Set-I, PO",,0,,yes,yes
city,"Jinnah Terminal Set-Ii, PO",,0,,yes,yes
city,"Jinnah Terminal Set-Iii, PO",,0,,yes,yes
city,Jutial SO,,0,,yes,yes
city,Kabli Gate TSO,,0,,yes,yes
city,Kal Pani PO,,0,,yes,yes
city,Kala Gujran NPO,,0,,yes,yes
city,Kamalia NPO,,0,,yes,yes
city,Kamyab NPO,,0,,yes,yes
city,Kamyab PO,,0,,yes,yes
city,Kanak Mandi TSO,,0,,yes,yes
city,Karachi Alhydri GPO NPO,,0,,yes,yes
city,Karachi City GPO NPO,,0,,yes,yes
city,Karachi GPO NPO,,0,,yes,yes
city,Karachi Saddar GPO/ NPO,,0,,yes,yes
city,Karak City SO,,0,,yes,yes
city,Kashmiri Moh TSO,,0,,yes,yes
city,Kasur Kutchery SO,,0,,yes,yes
city,Kasur Mandi SO,,0,,yes,yes
city,Kasur NPO,,0,,yes,yes
city,Kasurpura PO,,0,,yes,yes
city,Kathore EDSO,,0,,yes,yes
city,Keamari NPO,,0,,yes,yes
city,Khadim Ali Rd. TSO,,0,,yes,yes
city,Khadizai PO,,0,,yes,yes
city,Khairul Madaris SO,,0,,yes,yes
city,Khaliq Maket SO,,0,,yes,yes
city,Khana Road PO,,0,,yes,yes
city,Khanewal Kutchery PO,,0,,yes,yes
city,Khanewal NPO,,0,,yes,yes
city,Kharian Cantt NPO,,0,,yes,yes
city,Kharian Cantt North PO,,0,,yes,yes
city,Khayaban-E-Sir Syed PO,,0,,yes,yes
city,Khewra Salt Mines PO,,0,,yes,yes
city,Khokharki PO,,0,,yes,yes
city,Khuzdar NPO,,0,,yes,yes
city,Kohat City NPO,,0,,yes,yes
city,Kohat City PO,,0,,yes,yes
city,Kohat GPO NPO,,0,,yes,yes
city,Kohat Kutchery PO,,0,,yes,yes
city,Kohi Noor Mill NPO,,0,,yes,yes
city,Kohing PO,,0,,yes,yes
city,Kolian Hameed PO,,0,,yes,yes
city,"Korangi Block-03, NPO",,0,,yes,yes
city,"Korangi Block-03, PO",,0,,yes,yes
city,"Korangi Block-05, PO",,0,,yes,yes
city,"Korangi Block-05,NPO",,0,,yes,yes
city,"Korangi Block-06, PO",,0,,yes,yes
city,Korangi GPO/ NPO,,0,,yes,yes
city,Kot Adil SO,,0,,yes,yes
city,Kot Lakhpat PO,,0,,yes,yes
city,Kotri NPO,,0,,yes,yes
city,Kpar PO,,0,,yes,yes
city,Kutchery PO,,0,,yes,yes
city,L-Marwat Main Larry Adda SO,,0,,yes,yes
city,L.C.C.H Society NPO,,0,,yes,yes
city,L.C.C.H Society PO,,0,,yes,yes
city,Lahore Airport LSG,,0,,yes,yes
city,Lahore Airport NPO(Batch-I),,0,,yes,yes
city,Lahore Airport NPO(Batch-Ii),,0,,yes,yes
city,Lahore GPO NPO,,0,,yes,yes
city,Lahore High Court TSO,,0,,yes,yes
city,Lahore Kutchery PO,,0,,yes,yes
city,Lakshmi Chowk PO,,0,,yes,yes
city,Lal Kurti Bazar NPO,,0,,yes,yes
city,Lal Kurti Bazar PO,,0,,yes,yes
city,Landhi Colony NPO,,0,,yes,yes
city,Landhi Gul Ahmed PO,,0,,yes,yes
city,Latifabad GPO NPO,,0,,yes,yes
city,Latifabad-11 TSO,,0,,yes,yes
city,Latifabad-5 TSO,,0,,yes,yes
city,Lea Quarter PO,,0,,yes,yes
city,Lhr High Court Ml Bench SO,,0,,yes,yes
city,Liaqat Colony TSO,,0,,yes,yes
city,Liaquatabad NPO,,0,,yes,yes
city,Lodhran NPO,,0,,yes,yes
city,Log Area PO,,0,,yes,yes
city,Loralai Cantt PO,,0,,yes,yes
city,Loralai NPO,,0,,yes,yes
city,M Block Model Town PO,,0,,yes,yes
city,M. F Okara PO,,0,,yes,yes
city,Madina Chok Post Office,,0,,yes,yes
city,Madina TSO,,0,,yes,yes
city,Malikpura PO,,0,,yes,yes
city,Malir Cantt NPO,,0,,yes,yes
city,Malir Cantt North NPO,,0,,yes,yes
city,Malir Cantt North PO,,0,,yes,yes
city,Malir Colony NPO,,0,,yes,yes
city,Malir Extension PO,,0,,yes,yes
city,Mandi Bahauddin NPO,,0,,yes,yes
city,Manora NPO,,0,,yes,yes
city,Mansehra City NPO,,0,,yes,yes
city,Mansoora NPO,,0,,yes,yes
city,Mansoorabad SO,,0,,yes,yes
city,Maqam-E-Hayat SO,,0,,yes,yes
city,Mardan Cantt PO,,0,,yes,yes
city,Mardan City PO,,0,,yes,yes
city,Mardan NPO,,0,,yes,yes
city,Margazar Colony PO,,0,,yes,yes
city,Masjid Khalid PO,,0,,yes,yes
city,Matiari NPO,,0,,yes,yes
city,Matli NPO,,0,,yes,yes
city,Meezan Market PO,,0,,yes,yes
city,Mehar NPO,,0,,yes,yes
city,Mehboob Booti (Cpol 1388),,0,,yes,yes
city,Mehmoodabad NPO,,0,,yes,yes
city,Mehran Markaz TSO,,0,,yes,yes
city,Metrovill-Iii PO,,0,,yes,yes
city,Mian Channu NPO,,0,,yes,yes
city,Mianwali City PO,,0,,yes,yes
city,Michan Khel Adda L.Marwat SO,,0,,yes,yes
city,Millat Colony NPO,,0,,yes,yes
city,Minara Road PO,,0,,yes,yes
city,Mingora City PO,,0,,yes,yes
city,Mirza Pur PO,,0,,yes,yes
city,Misri Shah PO,,0,,yes,yes
city,Mitha Tiwana Bazar PO,,0,,yes,yes
city,Mochi Gate PO,,0,,yes,yes
city,Model Colony NPO,,0,,yes,yes
city,"Model Town ""A"" TSO",,0,,yes,yes
city,Moh: Sadowan PO,,0,,yes,yes
city,Mohabiti Killa SO,,0,,yes,yes
city,Mohalla Krishan Nagar PO,,0,,yes,yes
city,Mohallah Islamabad PO,,0,,yes,yes
city,Mominabad (KP-2024) PO,,0,,yes,yes
city,Moti Masjid Mianwali PO,,0,,yes,yes
city,Mozang PO,,0,,yes,yes
city,Mubarik Colony PO,,0,,yes,yes
city,Mughli PO,,0,,yes,yes
city,Multan Cantt LSG,,0,,yes,yes
city,Multan City NPO,,0,,yes,yes
city,Multan City PO,,0,,yes,yes
city,Multan GPO NPO,,0,,yes,yes
city,Multan Hussain Agahi PO,,0,,yes,yes
city,Multan Kutchery PO,,0,,yes,yes
city,Multan Road NPO,,0,,yes,yes
city,Multan Road PO,,0,,yes,yes
city,Multan Sddar Bazar PO,,0,,yes,yes
city,Murray College TSO,,0,,yes,yes
city,Murree NPO,,0,,yes,yes
city,Muslim Road PO,,0,,yes,yes
city,Muzaffarabad PO,,0,,yes,yes
city,Muzaffargarh City NPO,,0,,yes,yes
city,Muzaffargarh City PO,,0,,yes,yes
city,Muzaffargarh GPO NPO,,0,,yes,yes
city,N.Medical College PO,,0,,yes,yes
city,N.U Campus NPO,,0,,yes,yes
city,NCREI PO,,0,,yes,yes
city,NICVD NPO,,0,,yes,yes
city,NICVD PO,,0,,yes,yes
city,Nabi Pura PO,,0,,yes,yes
city,Nal PO,,0,,yes,yes
city,Narowal Kty SO,,0,,yes,yes
city,Narowal NPO,,0,,yes,yes
city,National Bank PO,,0,,yes,yes
city,Naulakha NPO,,0,,yes,yes
city,Nawa Goth PO,,0,,yes,yes
city,Nawaabad PO,,0,,yes,yes
city,Nawababad PO,,0,,yes,yes
city,Nawan Shaher PO,,0,,yes,yes
city,Nazimabad Block-2 NPO,,0,,yes,yes
city,Nazimabad Block-2 PO,,0,,yes,yes
city,Nazimabad Block-4 NPO,,0,,yes,yes
city,Nazimabad Block-4 PO,,0,,yes,yes
city,Nazimabad NPO,,0,,yes,yes
city,Neka Pura NPO,,0,,yes,yes
city,Nekapura TSO,,0,,yes,yes
city,New Cloth Market TSO,,0,,yes,yes
city,New Complex Distt Courts Lodhran,,0,,yes,yes
city,New Distt Jail Dadu EDSO,,0,,yes,yes
city,New Fruit Market PO,,0,,yes,yes
city,New Garden Town N. PO (Cpol-1100),,0,,yes,yes
city,New Grain Market TSO,,0,,yes,yes
city,New Haji Camp Karachi PO,,0,,yes,yes
city,New Karachi NPO (KP-15116),,0,,yes,yes
city,New Karachi Sec-11/A NPO,,0,,yes,yes
city,New Karachi Sec-11/A(KP-2048),,0,,yes,yes
city,New Saeedabad NPO (Hyderabad),,0,,yes,yes
city,New Saeedabad NPO (Karachi),,0,,yes,yes
city,New Town GPO/ NPO,,0,,yes,yes
city,Nishat Colony PO,,0,,yes,yes
city,Nishatabad NPO SO,,0,,yes,yes
city,Nishtar Colony PO,,0,,yes,yes
city,Nomanabad NPO,,0,,yes,yes
city,Nomanabad PO,,0,,yes,yes
city,North Nasimabad (Bl-1) PO,,0,,yes,yes
city,"North Nazimabad Block. ""N"" PO",,0,,yes,yes
city,Nouroz Bhattani SO,,0,,yes,yes
city,Nowsera Cantt. East PO,,0,,yes,yes
city,Nowshera NPO,,0,,yes,yes
city,Nowshera Ordinance Deppu PO,,0,,yes,yes
city,Nowshera Saddar Bazzar NPO,,0,,yes,yes
city,Nowshera Saddar Bazzar PO,,0,,yes,yes
city,Okara Cantt HSG,,0,,yes,yes
city,Okara Cantt NPO,,0,,yes,yes
city,Okara NPO,,0,,yes,yes
city,Old Golimar PO,,0,,yes,yes
city,Old Sabzi Mandi Haripur SO,,0,,yes,yes
city,Old Sukkur PO,,0,,yes,yes
city,One Unit Staff Colony PO,,0,,yes,yes
city,Orangi Town NPO,,0,,yes,yes
city,Orangi Town Sec. 11 1/2 PO,,0,,yes,yes
city,Orangi Town Sec. 15 PO,,0,,yes,yes
city,Ordinance Depot PO,,0,,yes,yes
city,"P.E.C.H.S Block-02, NPO",,0,,yes,yes
city,"P.E.C.H.S Block-06, HPO",,0,,yes,yes
city,"P.E.C.H.S Block-06, NPO",,0,,yes,yes
city,P.I.B Colony NPO,,0,,yes,yes
city,P.I.B Colony PO,,0,,yes,yes
city,P.M.G Office (KP-2135) PO,,0,,yes,yes
city,PAF Base Malir Cantt PO,,0,,yes,yes
city,PAF Base Mianwali PO,,0,,yes,yes
city,PIDC PO,,0,,yes,yes
city,PNS Dockyard PO,,0,,yes,yes
city,PNS Karsaz PO,,0,,yes,yes
city,PNS Shifa PO,,0,,yes,yes
city,Pacca Garah TSO,,0,,yes,yes
city,Pak Colony PO,,0,,yes,yes
city,Pakistan Mint PO,,0,,yes,yes
city,Pakistan Times PO,,0,,yes,yes
city,Pakki Thatti PO,,0,,yes,yes
city,Paposh Nagar PO,,0,,yes,yes
city,Paratabad TSO,,0,,yes,yes
city,Partab Nagar SO,,0,,yes,yes
city,Pashtoonabad PO,,0,,yes,yes
city,Pathan Colony PO,,0,,yes,yes
city,Peoples Colony No. 1 SO,,0,,yes,yes
city,Peoples Colony No. 2 SO,,0,,yes,yes
city,Peshawar City R.S PO,,0,,yes,yes
city,Phaprial PO,,0,,yes,yes
city,Phulleli NPO,,0,,yes,yes
city,Phulleli TSO,,0,,yes,yes
city,Pindi Point PO,,0,,yes,yes
city,Pindran PO,,0,,yes,yes
city,Piplan SO,,0,,yes,yes
city,Pir Muhammad Colony SO,,0,,yes,yes
city,Premier Sugar Mills Mardan PO,,0,,yes,yes
city,Pudgali Chowk PO,,0,,yes,yes
city,Punjab University (Old Campus) PO,,0,,yes,yes
city,Qarshi Dawa Khana PO,,0,,yes,yes
city,Qasba Colony PO,,0,,yes,yes
city,Qasimabad NPO,,0,,yes,yes
city,Qasimabad TSO,,0,,yes,yes
city,Qayum Market SO,,0,,yes,yes
city,Qayyumabad PO,,0,,yes,yes
city,Qaziabad EDSO,,0,,yes,yes
city,Quaid-E-Azam Medical College TSO,,0,,yes,yes
city,Quaidabad NPO,,0,,yes,yes
city,Quetta Bazar NPO,,0,,yes,yes
city,Quetta Bazar PO,,0,,yes,yes
city,Quetta Cantt. PO,,0,,yes,yes
city,Quetta Islamabad PO,,0,,yes,yes
city,Quetta NPO,,0,,yes,yes
city,Quetta Railway Station PO,,0,,yes,yes
city,R.A Bazar PO,,0,,yes,yes
city,R/Depot Sargodha SO,,0,,yes,yes
city,Race Course PO,,0,,yes,yes
city,Race Course Road PO,,0,,yes,yes
city,Rafa-E-Aam NPO,,0,,yes,yes
city,Rahim Bazar SO,,0,,yes,yes
city,Rahim Yar Khan NPO,,0,,yes,yes
city,Railway Headquarter HSG,,0,,yes,yes
city,Railway Station PO,,0,,yes,yes
city,Raiwand Mandi SO,,0,,yes,yes
city,Rajan Pur NPO,,0,,yes,yes
city,Ramtali NPO,,0,,yes,yes
city,Ramtali TSO,,0,,yes,yes
city,Rang Mahal NPO,,0,,yes,yes
city,Rang Mahal PO,,0,,yes,yes
city,Rangpura TSO,,0,,yes,yes
city,Rashang SO,,0,,yes,yes
city,Rashid Fan TSO,,0,,yes,yes
city,Rasool Park PO,,0,,yes,yes
city,Rawalpindi GPO NPO,,0,,yes,yes
city,Raza Abad SO,,0,,yes,yes
city,Razzaqabad PO,,0,,yes,yes
city,Refhan Maize Productso,,0,,yes,yes
city,Rehman Abad PO,,0,,yes,yes
city,Rehman Line PO,,0,,yes,yes
city,Rehman Pura PO (Lahore),,0,,yes,yes
city,Rehman Pura PO (Lahroe),,0,,yes,yes
city,Right Bank Colony PO,,0,,yes,yes
city,Rotary Centre(Cpol-1347),,0,,yes,yes
city,Rustom Sohrab Cycle Factory PO,,0,,yes,yes
city,S&S Ep Centre PO (Gujranwala),,0,,yes,yes
city,S&S Ep Centre PO (Lahore),,0,,yes,yes
city,S.A Fan TSO,,0,,yes,yes
city,S.C Mill Okara PO,,0,,yes,yes
city,S.U.Old Campus Hyd TSO,,0,,yes,yes
city,STC PO,,0,,yes,yes
city,Sadat Colony PO,,0,,yes,yes
city,Saddar Bazar PO,,0,,yes,yes
city,Saddar Bazar SO,,0,,yes,yes
city,Saddiqe Akbar Town PO,,0,,yes,yes
city,Sadin Maira SO,,0,,yes,yes
city,Safdar & Co TSO,,0,,yes,yes
city,Saghir Shaheed Road PO,,0,,yes,yes
city,Sahiwal City NPO,,0,,yes,yes
city,Sahiwal City PO,,0,,yes,yes
city,Sahiwal GPO NPO,,0,,yes,yes
city,Sahiwal Kutchery PO,,0,,yes,yes
city,Sahiwal Mandi PO,,0,,yes,yes
city,Sahiwal NPO,,0,,yes,yes
city,Said Pur Road NPO,,0,,yes,yes
city,Samanabad NPO,,0,,yes,yes
city,Samanabad PO (Karachi),,0,,yes,yes
city,Samanabad PO (Lahore),,0,,yes,yes
city,Samanabad SO,,0,,yes,yes
city,Sanda PO,,0,,yes,yes
city,Sangla NPO SO,,0,,yes,yes
city,Sarai Alam Gir NPO,,0,,yes,yes
city,Sarai Naurang Main Bazar SO,,0,,yes,yes
city,Sargodha City,,0,,yes,yes
city,Sargodha City NPO,,0,,yes,yes
city,Sargodha GPO NPO,,0,,yes,yes
city,Satellite Town Jhang PO,,0,,yes,yes
city,Satellite Town NPO,,0,,yes,yes
city,Satillite Town NPO,,0,,yes,yes
city,Satillite Town SO,,0,,yes,yes
city,Sattelite Town R.Y.Khan PO,,0,,yes,yes
city,Sattellite Town PO,,0,,yes,yes
city,Services PO,,0,,yes,yes
city,Session Court PO (Gujranwala),,0,,yes,yes
city,Session Court PO (Lahroe),,0,,yes,yes
city,Setlite Town TSO,,0,,yes,yes
city,Shabbir Sharif Market NPO,,0,,yes,yes
city,Shabbir Sharif Market PO,,0,,yes,yes
city,Shad Bagh PO,,0,,yes,yes
city,Shadman Colony NPO,,0,,yes,yes
city,Shadman Colony PO,,0,,yes,yes
city,Shah Alam Market NPO,,0,,yes,yes
city,Shah Baz Azmat Khel SO,,0,,yes,yes
city,Shah Noor PO,,0,,yes,yes
city,Shahdra Bagh NPO,,0,,yes,yes
city,Shahdra Town PO (Lahore),,0,,yes,yes
city,Shahdra Town PO (Lahroe),,0,,yes,yes
city,Shaheed Road Jhang PO,,0,,yes,yes
city,Shaheed Road NPO,,0,,yes,yes
city,Shahi Bazar TSO,,0,,yes,yes
city,Shahpur Saddar NPO,,0,,yes,yes
city,Shalimar Town PO,,0,,yes,yes
city,Shanti Nagar PO,,0,,yes,yes
city,Sheikh Yousaf Adda SO.,,0,,yes,yes
city,Sheikh Zayed Hospital PO,,0,,yes,yes
city,Sher Kot PO,,0,,yes,yes
city,Sher Shah Colony PO,,0,,yes,yes
city,Sherin Jinnah Colony PO,,0,,yes,yes
city,Sialkot GPO NPO,,0,,yes,yes
city,Sialkot Kutchery TSO,,0,,yes,yes
city,Sibi NPO,,0,,yes,yes
city,Sibi Petrol Pump PO,,0,,yes,yes
city,Sindh High Court (KP-1995) PO,,0,,yes,yes
city,Sindh Sectt LSG,,0,,yes,yes
city,Sindhi Hotel PO,,0,,yes,yes
city,Site Area Sukkur PO,,0,,yes,yes
city,Skardu Bazar PO,,0,,yes,yes
city,Skardu NPO,,0,,yes,yes
city,Small Industries Estate PO,,0,,yes,yes
city,Small Industries SO,,0,,yes,yes
city,Sodiwal PO,,0,,yes,yes
city,Sohawa NPO,,0,,yes,yes
city,Sokari Gate SO,,0,,yes,yes
city,Soldier Bazar PO,,0,,yes,yes
city,South Colony Okara Cantt PO,,0,,yes,yes
city,State Life Building PO,,0,,yes,yes
city,Sukkur Adam Shah TSO,,0,,yes,yes
city,Sukkur Barrage PO,,0,,yes,yes
city,Sukkur NPO,,0,,yes,yes
city,Sultan Ahmed Khan St. PO,,0,,yes,yes
city,Sultan Market Kamalia PO,,0,,yes,yes
city,Sultan Pura PO,,0,,yes,yes
city,Supply Bazar PO,,0,,yes,yes
city,Surjani Town NPO,,0,,yes,yes
city,Surjani Town PO,,0,,yes,yes
city,Taiser Town PO,,0,,yes,yes
city,Taj Company NPO,,0,,yes,yes
city,Taj Company PO,,0,,yes,yes
city,Tajpura NPO,,0,,yes,yes
city,Tajpura TSO,,0,,yes,yes
city,Talagang City PO,,0,,yes,yes
city,Talagang NPO,,0,,yes,yes
city,Tando Allayyar NPO,,0,,yes,yes
city,Tando Jam NPO,,0,,yes,yes
city,Tando Mohammad Khan NPO,,0,,yes,yes
city,Tank City SO.,,0,,yes,yes
city,Tariq Abad SO,,0,,yes,yes
city,Tariq Bin Zia Colony PO,,0,,yes,yes
city,Taunsa NPO,,0,,yes,yes
city,Teli Mohalla PO,,0,,yes,yes
city,Tench Bhatta NPO,,0,,yes,yes
city,Tench Bhatta PO,,0,,yes,yes
city,Thatta NPO,,0,,yes,yes
city,Toba Tek Singh NPO,,0,,yes,yes
city,Toll Plaza PO,,0,,yes,yes
city,Tughlaq Road PO,,0,,yes,yes
city,Tunisia Line PO,,0,,yes,yes
city,Turbat NPO,,0,,yes,yes
city,U.N.C Jamshoro SO,,0,,yes,yes
city,University Of Sargodha PO,,0,,yes,yes
city,University Of Swat PO,,0,,yes,yes
city,Up More PO,,0,,yes,yes
city,Urdu Bazar NPO,,0,,yes,yes
city,Urdu Bazar PO,,0,,yes,yes
city,Usmani Wala PO,,0,,yes,yes
city,V R Institute PO,,0,,yes,yes
city,Vehari Kutchery PO,,0,,yes,yes
city,Vehari NPO,,0,,yes,yes
city,WAPDA Academy Terbella Dam SO,,0,,yes,yes
city,WAPDA Town PO,,0,,yes,yes
city,Wah NPO,,0,,yes,yes
city,Wahdat Colony PO,,0,,yes,yes
city,Walton PO,,0,,yes,yes
city,Wassanpura PO,,0,,yes,yes
city,Water Tank SO,,0,,yes,yes
city,West Wharf PO,,0,,yes,yes
city,Wijh SO,,0,,yes,yes
city,Wri Colony PO,,0,,yes,yes
city,Zafar Abad Colony SO,,0,,yes,yes
city,Zeal Pak TSO,,0,,yes,yes
city,Zhob NPO,,0,,yes,yes
